Genre;Link
Art (classical);https://www.wikiwand.com/en/Andalusian_classical_music
Art (classical);https://www.wikiwand.com/en/Indian_classical_music
Art (classical);https://www.wikiwand.com/en/Korean_court_music
Art (classical);https://www.wikiwand.com/en/Persian_classical_music
Art (classical);https://www.wikiwand.com/en/Western_classical_music
Art (classical);https://www.wikiwand.com/en/Early_music
Art (classical);https://www.wikiwand.com/en/Medieval_music
Art (classical);https://www.wikiwand.com/en/Ars_antiqua
Art (classical);https://www.wikiwand.com/en/Ars_nova
Art (classical);https://www.wikiwand.com/en/Ars_subtilior
Art (classical);https://www.wikiwand.com/en/Renaissance_music
Art (classical);https://www.wikiwand.com/en/Baroque_music
Art (classical);https://www.wikiwand.com/en/Galant_music
Art (classical);https://www.wikiwand.com/en/Classical_period_(music)
Art (classical);https://www.wikiwand.com/en/Romantic_music
Art (classical);https://www.wikiwand.com/en/Modernism_(music)
Art (classical);https://www.wikiwand.com/en/Impressionism_in_music
Art (classical);https://www.wikiwand.com/en/Neoclassicism_(music)
Art (classical);https://www.wikiwand.com/en/High_modernism
Art (classical);https://www.wikiwand.com/en/Postmodern_music
Art (classical);https://www.wikiwand.com/en/Experimental_music
Art (classical);https://www.wikiwand.com/en/Contemporary_classical_music
Art (classical);https://www.wikiwand.com/en/Minimal_music
Avant-garde and experimental;https://www.wikiwand.com/en/Danger_music
Avant-garde and experimental;https://www.wikiwand.com/en/Electroacoustic_music
Avant-garde and experimental;https://www.wikiwand.com/en/Lo-fi_music
Avant-garde and experimental;https://www.wikiwand.com/en/Musique_concr%C3%A8te
Avant-garde and experimental;https://www.wikiwand.com/en/Noise_(music)
Avant-garde and experimental;https://www.wikiwand.com/en/Outsider_music
Avant-garde and experimental;https://www.wikiwand.com/en/Industrial_music
Avant-garde and experimental;https://www.wikiwand.com/en/Progressive_music
Blues;https://www.wikiwand.com/en/African_blues
Blues;https://www.wikiwand.com/en/Blues_rock
Blues;https://www.wikiwand.com/en/Blues_shouter
Blues;https://www.wikiwand.com/en/British_blues
Blues;https://www.wikiwand.com/en/Canadian_blues
Blues;https://www.wikiwand.com/en/Chicago_blues
Blues;https://www.wikiwand.com/en/Classic_female_blues
Blues;https://www.wikiwand.com/en/Contemporary_R%26B
Blues;https://www.wikiwand.com/en/Country_blues
Blues;https://www.wikiwand.com/en/Delta_blues
Blues;https://www.wikiwand.com/en/Detroit_blues
Blues;https://www.wikiwand.com/en/Electric_blues
Blues;https://www.wikiwand.com/en/Gospel_blues
Blues;https://www.wikiwand.com/en/Hill_country_blues
Blues;https://www.wikiwand.com/en/Hokum
Blues;https://www.wikiwand.com/en/Jump_blues
Blues;https://www.wikiwand.com/en/Blues
Blues;https://www.wikiwand.com/en/Louisiana_blues
Blues;https://www.wikiwand.com/en/Memphis_blues
Blues;https://www.wikiwand.com/en/New_Orleans_blues
Blues;https://www.wikiwand.com/en/Piedmont_blues
Blues;https://www.wikiwand.com/en/Punk_blues
Blues;https://www.wikiwand.com/en/Rhythm_and_blues
Blues;https://www.wikiwand.com/en/Doo-wop
Blues;https://www.wikiwand.com/en/Soul_blues
Blues;https://www.wikiwand.com/en/St._Louis_blues_(music)
Blues;https://www.wikiwand.com/en/Swamp_blues
Blues;https://www.wikiwand.com/en/Texas_blues
Blues;https://www.wikiwand.com/en/West_Coast_blues
Blues;https://www.wikiwand.com/en/Blues
Country;https://www.wikiwand.com/en/Alternative_country
Country;https://www.wikiwand.com/en/Cowpunk
Country;https://www.wikiwand.com/en/Americana_(music)
Country;https://www.wikiwand.com/en/Australian_country_music
Country;https://www.wikiwand.com/en/Bakersfield_sound
Country;https://www.wikiwand.com/en/Bluegrass_music
Country;https://www.wikiwand.com/en/Progressive_bluegrass
Country;https://www.wikiwand.com/en/Bluegrass_music
Country;https://www.wikiwand.com/en/Country_blues
Country;https://www.wikiwand.com/en/Country_pop
Country;https://www.wikiwand.com/en/Country_rap
Country;https://www.wikiwand.com/en/Country_rock
Country;https://www.wikiwand.com/en/Cajun_music
Country;https://www.wikiwand.com/en/Cajun_fiddle
Country;https://www.wikiwand.com/en/Christian_country_music
Country;https://www.wikiwand.com/en/Close_harmony
Country;https://www.wikiwand.com/en/Dansband
Country;https://www.wikiwand.com/en/Hokum
Country;https://www.wikiwand.com/en/Honky_tonk_music
Country;https://www.wikiwand.com/en/Country_music
Country;https://www.wikiwand.com/en/Nashville_sound
Country;https://www.wikiwand.com/en/Neotraditional_country
Country;https://www.wikiwand.com/en/New_Mexico_music
Country;https://www.wikiwand.com/en/Outlaw_country
Country;https://www.wikiwand.com/en/Progressive_country
Country;https://www.wikiwand.com/en/Red_dirt_(music)
Country;https://www.wikiwand.com/en/Rockabilly
Country;https://www.wikiwand.com/en/Hellbilly_music
Country;https://www.wikiwand.com/en/Psychobilly
Country;https://www.wikiwand.com/en/Sertanejo_music
Country;https://www.wikiwand.com/en/Tejano_music
Country;https://www.wikiwand.com/en/Texas_country_music
Country;https://www.wikiwand.com/en/Traditional_country_music
Country;https://www.wikiwand.com/en/Truck-driving_country
Country;https://www.wikiwand.com/en/Western_music_(North_America)
Country;https://www.wikiwand.com/en/Cowboy_pop
Country;https://www.wikiwand.com/en/New_Mexico_music
Country;https://www.wikiwand.com/en/Texas_country_music
Country;https://www.wikiwand.com/en/Tejano_music
Country;https://www.wikiwand.com/en/Western_swing
Country;https://www.wikiwand.com/en/Zydeco
Easy listening;https://www.wikiwand.com/en/Background_music
Easy listening;https://www.wikiwand.com/en/Elevator_music
Easy listening;https://www.wikiwand.com/en/Barococo
Easy listening;https://www.wikiwand.com/en/Beautiful_music
Easy listening;https://www.wikiwand.com/en/Chill-out_music
Easy listening;https://www.wikiwand.com/en/Furniture_music
Easy listening;https://www.wikiwand.com/en/Light_music
Easy listening;https://www.wikiwand.com/en/Lounge_music
Easy listening;https://www.wikiwand.com/en/Middle_of_the_road_(music)
Easy listening;https://www.wikiwand.com/en/New-age_music
Easy listening;https://www.wikiwand.com/en/Easy_listening
Electronic;https://www.wikiwand.com/en/Ambient_music
Electronic;https://www.wikiwand.com/en/Ambient_dub
Electronic;https://www.wikiwand.com/en/Dark_ambient
Electronic;https://www.wikiwand.com/en/Ambient_industrial
Electronic;https://www.wikiwand.com/en/Dungeon_synth
Electronic;https://www.wikiwand.com/en/Dark_ambient
Electronic;https://www.wikiwand.com/en/Drone_music
Electronic;https://www.wikiwand.com/en/Illbient
Electronic;https://www.wikiwand.com/en/New-age_music
Electronic;https://www.wikiwand.com/en/Andean_new_age_music
Electronic;https://www.wikiwand.com/en/Neoclassical_new-age_music
Electronic;https://www.wikiwand.com/en/Space_music
Electronic;https://www.wikiwand.com/en/Reductionism_(music)
Electronic;https://www.wikiwand.com/en/Lowercase_(music)
Electronic;https://www.wikiwand.com/en/Onkyokei
Electronic;https://www.wikiwand.com/en/Bass_music
Electronic;https://www.wikiwand.com/en/Footwork_(genre)
Electronic;https://www.wikiwand.com/en/Future_bass
Electronic;https://www.wikiwand.com/en/Kawaii_future_bass
Electronic;https://www.wikiwand.com/en/Jungle_terror
Electronic;https://www.wikiwand.com/en/UK_bass
Electronic;https://www.wikiwand.com/en/Wave_music
Electronic;https://www.wikiwand.com/en/Hardwave
Electronic;https://www.wikiwand.com/en/Breakbeat
Electronic;https://www.wikiwand.com/en/Acid_breaks
Electronic;https://www.wikiwand.com/en/Baltimore_club
Electronic;https://www.wikiwand.com/en/Jersey_club
Electronic;https://www.wikiwand.com/en/Philly_club
Electronic;https://www.wikiwand.com/en/Big_beat
Electronic;https://www.wikiwand.com/en/Breakbeat_hardcore
Electronic;https://www.wikiwand.com/en/4-beat
Electronic;https://www.wikiwand.com/en/Darkcore
Electronic;https://www.wikiwand.com/en/Hardcore_breaks
Electronic;https://www.wikiwand.com/en/Broken_beat
Electronic;https://www.wikiwand.com/en/Florida_breaks
Electronic;https://www.wikiwand.com/en/Nu_skool_breaks
Electronic;https://www.wikiwand.com/en/Progressive_breaks
Electronic;https://www.wikiwand.com/en/Psychedelic_breakbeat
Electronic;https://www.wikiwand.com/en/Chill-out_music
Electronic;https://www.wikiwand.com/en/Downtempo
Electronic;https://www.wikiwand.com/en/Psybient
Electronic;https://www.wikiwand.com/en/Psydub
Electronic;https://www.wikiwand.com/en/Trip_hop
Electronic;https://www.wikiwand.com/en/Trip_rock
Electronic;https://www.wikiwand.com/en/Chopped_and_screwed
Electronic;https://www.wikiwand.com/en/Disco
Electronic;https://www.wikiwand.com/en/Afro/cosmic_music
Electronic;https://www.wikiwand.com/en/Electro-disco
Electronic;https://www.wikiwand.com/en/Hi-NRG
Electronic;https://www.wikiwand.com/en/Eurobeat
Electronic;https://www.wikiwand.com/en/Eurodance
Electronic;https://www.wikiwand.com/en/Italo_dance
Electronic;https://www.wikiwand.com/en/Italo_disco
Electronic;https://www.wikiwand.com/en/Spacesynth
Electronic;https://www.wikiwand.com/en/Space_disco
Electronic;https://www.wikiwand.com/en/Eurodisco
Electronic;https://www.wikiwand.com/en/Nu-disco
Electronic;https://www.wikiwand.com/en/Post-disco
Electronic;https://www.wikiwand.com/en/Boogie_(genre)
Electronic;https://www.wikiwand.com/en/City_pop
Electronic;https://www.wikiwand.com/en/Nu-disco
Electronic;https://www.wikiwand.com/en/Drum_and_bass
Electronic;https://www.wikiwand.com/en/Darkstep
Electronic;https://www.wikiwand.com/en/Drumfunk
Electronic;https://www.wikiwand.com/en/Drumstep
Electronic;https://www.wikiwand.com/en/Hardstep
Electronic;https://www.wikiwand.com/en/Intelligent_drum_and_bass
Electronic;https://www.wikiwand.com/en/Atmospheric_drum_and_bass
Electronic;https://www.wikiwand.com/en/Jazzstep
Electronic;https://www.wikiwand.com/en/Jump-up_(drum_and_bass)
Electronic;https://www.wikiwand.com/en/Liquid_funk
Electronic;https://www.wikiwand.com/en/Neurofunk
Electronic;https://www.wikiwand.com/en/Sambass
Electronic;https://www.wikiwand.com/en/Techstep
Electronic;https://www.wikiwand.com/en/Dub_music
Electronic;https://www.wikiwand.com/en/Dub_poetry
Electronic;https://www.wikiwand.com/en/Dubtronica
Electronic;https://www.wikiwand.com/en/Electroacoustic_music
Electronic;https://www.wikiwand.com/en/Acousmatic_music
Electronic;https://www.wikiwand.com/en/Electroacoustic_improvisation
Electronic;https://www.wikiwand.com/en/Live_electronic_music
Electronic;https://www.wikiwand.com/en/Musique_concr%C3%A8te
Electronic;https://www.wikiwand.com/en/Soundscape
Electronic;https://www.wikiwand.com/en/Electronic_rock
Electronic;https://www.wikiwand.com/en/Dance-rock
Electronic;https://www.wikiwand.com/en/Alternative_dance
Electronic;https://www.wikiwand.com/en/Madchester
Electronic;https://www.wikiwand.com/en/Baggy
Electronic;https://www.wikiwand.com/en/New_rave
Electronic;https://www.wikiwand.com/en/Dance-punk
Electronic;https://www.wikiwand.com/en/Krautrock
Electronic;https://www.wikiwand.com/en/New_wave_music
Electronic;https://www.wikiwand.com/en/Cold_wave_(music)
Electronic;https://www.wikiwand.com/en/Dark_wave
Electronic;https://www.wikiwand.com/en/Neoclassical_dark_wave
Electronic;https://www.wikiwand.com/en/Neue_Deutsche_Todeskunst
Electronic;https://www.wikiwand.com/en/Ethereal_wave
Electronic;https://www.wikiwand.com/en/Nu-gaze
Electronic;https://www.wikiwand.com/en/Minimal_wave
Electronic;https://www.wikiwand.com/en/Neue_Deutsche_Welle
Electronic;https://www.wikiwand.com/en/New_Romantic
Electronic;https://www.wikiwand.com/en/Sophisti-pop
Electronic;https://www.wikiwand.com/en/Synth-pop
Electronic;https://www.wikiwand.com/en/Dance-pop
Electronic;https://www.wikiwand.com/en/Disco_polo
Electronic;https://www.wikiwand.com/en/Electroclash
Electronic;https://www.wikiwand.com/en/Electropop
Electronic;https://www.wikiwand.com/en/Hyperpop
Electronic;https://www.wikiwand.com/en/Indietronica
Electronic;https://www.wikiwand.com/en/Post-rock
Electronic;https://www.wikiwand.com/en/Space_rock
Electronic;https://www.wikiwand.com/en/Synth-metal
Electronic;https://www.wikiwand.com/en/Grindcore
Electronic;https://www.wikiwand.com/en/Electronicore
Electronic;https://www.wikiwand.com/en/Synth-punk
Electronic;https://www.wikiwand.com/en/Electronica
Electronic;https://www.wikiwand.com/en/Folktronica
Electronic;https://www.wikiwand.com/en/Jazztronica
Electronic;https://www.wikiwand.com/en/Laptronica
Electronic;https://www.wikiwand.com/en/Livetronica
Electronic;https://www.wikiwand.com/en/Progressive_electronic
Electronic;https://www.wikiwand.com/en/Kosmische_musik
Electronic;https://www.wikiwand.com/en/Ethnic_electronica
Electronic;https://www.wikiwand.com/en/Asian_underground
Electronic;https://www.wikiwand.com/en/Afrobeats
Electronic;https://www.wikiwand.com/en/Azonto
Electronic;https://www.wikiwand.com/en/Coup%C3%A9-d%C3%A9cal%C3%A9
Electronic;https://www.wikiwand.com/en/Kuduro
Electronic;https://www.wikiwand.com/en/Mahraganat
Electronic;https://www.wikiwand.com/en/Shangaan_electro
Electronic;https://www.wikiwand.com/en/Budots
Electronic;https://www.wikiwand.com/en/Changa_tuki
Electronic;https://www.wikiwand.com/en/Dancehall_pop
Electronic;https://www.wikiwand.com/en/Funk_carioca
Electronic;https://www.wikiwand.com/en/Funk_ostenta%C3%A7%C3%A3o
Electronic;https://www.wikiwand.com/en/Melodic_funk
Electronic;https://www.wikiwand.com/en/Proibid%C3%A3o
Electronic;https://www.wikiwand.com/en/Rasteirinha
Electronic;https://www.wikiwand.com/en/Merenhouse
Electronic;https://www.wikiwand.com/en/Nortec
Electronic;https://www.wikiwand.com/en/Rab%C3%B2day
Electronic;https://www.wikiwand.com/en/Rara_tech
Electronic;https://www.wikiwand.com/en/Russ_music
Electronic;https://www.wikiwand.com/en/Shamstep
Electronic;https://www.wikiwand.com/en/Tribal_guarachero
Electronic;https://www.wikiwand.com/en/Worldbeat
Electronic;https://www.wikiwand.com/en/Manila_sound
Electronic;https://www.wikiwand.com/en/Funk
Electronic;https://www.wikiwand.com/en/Acid_jazz
Electronic;https://www.wikiwand.com/en/Funktronica
Electronic;https://www.wikiwand.com/en/Synth-funk
Electronic;https://www.wikiwand.com/en/Jungle_music
Electronic;https://www.wikiwand.com/en/Ragga_jungle
Electronic;https://www.wikiwand.com/en/Hardcore_(electronic_dance_music_genre)
Electronic;https://www.wikiwand.com/en/Bouncy_techno
Electronic;https://www.wikiwand.com/en/Breakcore
Electronic;https://www.wikiwand.com/en/Raggacore
Electronic;https://www.wikiwand.com/en/Digital_hardcore
Electronic;https://www.wikiwand.com/en/Doomcore
Electronic;https://www.wikiwand.com/en/Frenchcore
Electronic;https://www.wikiwand.com/en/Gabber
Electronic;https://www.wikiwand.com/en/Early_hardcore
Electronic;https://www.wikiwand.com/en/Mainstream_hardcore
Electronic;https://www.wikiwand.com/en/Happy_hardcore
Electronic;https://www.wikiwand.com/en/UK_hardcore
Electronic;https://www.wikiwand.com/en/Industrial_hardcore
Electronic;https://www.wikiwand.com/en/J-core
Electronic;https://www.wikiwand.com/en/Lento_violento
Electronic;https://www.wikiwand.com/en/M%C3%A1kina
Electronic;https://www.wikiwand.com/en/Speedcore
Electronic;https://www.wikiwand.com/en/Extratone
Electronic;https://www.wikiwand.com/en/Flashcore
Electronic;https://www.wikiwand.com/en/Hypertone
Electronic;https://www.wikiwand.com/en/Splittercore
Electronic;https://www.wikiwand.com/en/Hardstyle
Electronic;https://www.wikiwand.com/en/Dubstyle
Electronic;https://www.wikiwand.com/en/Hardstyle
Electronic;https://www.wikiwand.com/en/Hardstyle
Electronic;https://www.wikiwand.com/en/Jumpstyle
Electronic;https://www.wikiwand.com/en/Hardstyle
Electronic;https://www.wikiwand.com/en/Hardstyle
Electronic;https://www.wikiwand.com/en/Hauntology_(music)
Electronic;https://www.wikiwand.com/en/Chillwave
Electronic;https://www.wikiwand.com/en/Hypnagogic_pop
Electronic;https://www.wikiwand.com/en/Synthwave
Electronic;https://www.wikiwand.com/en/Darksynth
Electronic;https://www.wikiwand.com/en/Sovietwave
Electronic;https://www.wikiwand.com/en/Vaporwave
Electronic;https://www.wikiwand.com/en/Dreampunk
Electronic;https://www.wikiwand.com/en/Future_funk
Electronic;https://www.wikiwand.com/en/Hardvapour
Electronic;https://www.wikiwand.com/en/Mallsoft
Electronic;https://www.wikiwand.com/en/Afroswing
Electronic;https://www.wikiwand.com/en/Alternative_hip_hop
Electronic;https://www.wikiwand.com/en/Hipster_hop
Electronic;https://www.wikiwand.com/en/Cloud_rap
Electronic;https://www.wikiwand.com/en/Crunk
Electronic;https://www.wikiwand.com/en/Crunkcore
Electronic;https://www.wikiwand.com/en/Snap_music
Electronic;https://www.wikiwand.com/en/Electro_(music)
Electronic;https://www.wikiwand.com/en/Latin_freestyle
Electronic;https://www.wikiwand.com/en/Emo_rap
Electronic;https://www.wikiwand.com/en/Instrumental_hip_hop
Electronic;https://www.wikiwand.com/en/Lofi_hip_hop
Electronic;https://www.wikiwand.com/en/Miami_bass
Electronic;https://www.wikiwand.com/en/Mumble_rap
Electronic;https://www.wikiwand.com/en/Trap_music
Electronic;https://www.wikiwand.com/en/Afro_trap
Electronic;https://www.wikiwand.com/en/Drill_music
Electronic;https://www.wikiwand.com/en/UK_drill
Electronic;https://www.wikiwand.com/en/Latin_trap
Electronic;https://www.wikiwand.com/en/Phonk
Electronic;https://www.wikiwand.com/en/Trap_music_(EDM)
Electronic;https://www.wikiwand.com/en/UK_trap
Electronic;https://www.wikiwand.com/en/House_music
Electronic;https://www.wikiwand.com/en/Acid_house
Electronic;https://www.wikiwand.com/en/Afro_house
Electronic;https://www.wikiwand.com/en/Amapiano
Electronic;https://www.wikiwand.com/en/Gqom
Electronic;https://www.wikiwand.com/en/Kidandali
Electronic;https://www.wikiwand.com/en/Kwaito
Electronic;https://www.wikiwand.com/en/Ambient_house
Electronic;https://www.wikiwand.com/en/Balearic_beat
Electronic;https://www.wikiwand.com/en/Ball_culture
Electronic;https://www.wikiwand.com/en/Bass_house_(genre)
Electronic;https://www.wikiwand.com/en/Blog_house
Electronic;https://www.wikiwand.com/en/Brazilian_bass
Electronic;https://www.wikiwand.com/en/Slap_house
Electronic;https://www.wikiwand.com/en/Chicago_hard_house
Electronic;https://www.wikiwand.com/en/Chicago_house
Electronic;https://www.wikiwand.com/en/Deep_house
Electronic;https://www.wikiwand.com/en/Disco_house
Electronic;https://www.wikiwand.com/en/Diva_house
Electronic;https://www.wikiwand.com/en/Hardbag
Electronic;https://www.wikiwand.com/en/Electro_house
Electronic;https://www.wikiwand.com/en/Big_room_house
Electronic;https://www.wikiwand.com/en/Complextro
Electronic;https://www.wikiwand.com/en/Dutch_house
Electronic;https://www.wikiwand.com/en/Fidget_house
Electronic;https://www.wikiwand.com/en/Melbourne_bounce
Electronic;https://www.wikiwand.com/en/Electro_swing
Electronic;https://www.wikiwand.com/en/Eurohouse
Electronic;https://www.wikiwand.com/en/French_house
Electronic;https://www.wikiwand.com/en/Funky_house
Electronic;https://www.wikiwand.com/en/Future_house
Electronic;https://www.wikiwand.com/en/Garage_house
Electronic;https://www.wikiwand.com/en/Ghetto_house
Electronic;https://www.wikiwand.com/en/Ghettotech
Electronic;https://www.wikiwand.com/en/Juke_house
Electronic;https://www.wikiwand.com/en/Hip_house
Electronic;https://www.wikiwand.com/en/Italo_house
Electronic;https://www.wikiwand.com/en/Jazz_house
Electronic;https://www.wikiwand.com/en/Latin_house
Electronic;https://www.wikiwand.com/en/Melodic_house
Electronic;https://www.wikiwand.com/en/Microhouse
Electronic;https://www.wikiwand.com/en/Moombahcore
Electronic;https://www.wikiwand.com/en/Moombahton
Electronic;https://www.wikiwand.com/en/Moombahsoul
Electronic;https://www.wikiwand.com/en/New_Jersey_sound
Electronic;https://www.wikiwand.com/en/Outsider_house
Electronic;https://www.wikiwand.com/en/Progressive_house
Electronic;https://www.wikiwand.com/en/Soulful_house
Electronic;https://www.wikiwand.com/en/Tech_house
Electronic;https://www.wikiwand.com/en/Tribal_house
Electronic;https://www.wikiwand.com/en/Tropical_house
Electronic;https://www.wikiwand.com/en/UK_hard_house
Electronic;https://www.wikiwand.com/en/Hard_NRG
Electronic;https://www.wikiwand.com/en/Pumping_house
Electronic;https://www.wikiwand.com/en/Hardbass
Electronic;https://www.wikiwand.com/en/Scouse_house
Electronic;https://www.wikiwand.com/en/Industrial_music
Electronic;https://www.wikiwand.com/en/Deconstructed_club
Electronic;https://www.wikiwand.com/en/Electro-industrial
Electronic;https://www.wikiwand.com/en/Dark_electro
Electronic;https://www.wikiwand.com/en/Aggrotech
Electronic;https://www.wikiwand.com/en/Electronic_body_music
Electronic;https://www.wikiwand.com/en/Futurepop
Electronic;https://www.wikiwand.com/en/New_beat
Electronic;https://www.wikiwand.com/en/Industrial_hip_hop
Electronic;https://www.wikiwand.com/en/Industrial_metal
Electronic;https://www.wikiwand.com/en/Cyber_metal
Electronic;https://www.wikiwand.com/en/Neue_Deutsche_H%C3%A4rte
Electronic;https://www.wikiwand.com/en/Industrial_rock
Electronic;https://www.wikiwand.com/en/Martial_industrial
Electronic;https://www.wikiwand.com/en/Witch_house_(genre)
Electronic;https://www.wikiwand.com/en/Intelligent_dance_music
Electronic;https://www.wikiwand.com/en/Drill_%27n%27_bass
Electronic;https://www.wikiwand.com/en/Glitch_(music)
Electronic;https://www.wikiwand.com/en/Glitch_(music)
Electronic;https://www.wikiwand.com/en/Neo_soul
Electronic;https://www.wikiwand.com/en/Nightcore
Electronic;https://www.wikiwand.com/en/Noise_music
Electronic;https://www.wikiwand.com/en/Danger_music
Electronic;https://www.wikiwand.com/en/Harsh_noise
Electronic;https://www.wikiwand.com/en/Harsh_noise_wall
Electronic;https://www.wikiwand.com/en/Japanoise
Electronic;https://www.wikiwand.com/en/Power_electronics_(music)
Electronic;https://www.wikiwand.com/en/Death_industrial
Electronic;https://www.wikiwand.com/en/Power_noise
Electronic;https://www.wikiwand.com/en/Plunderphonics
Electronic;https://www.wikiwand.com/en/Sampledelia
Electronic;https://www.wikiwand.com/en/Techno
Electronic;https://www.wikiwand.com/en/Acid_techno
Electronic;https://www.wikiwand.com/en/Ambient_techno
Electronic;https://www.wikiwand.com/en/Birmingham_sound
Electronic;https://www.wikiwand.com/en/Bleep_techno
Electronic;https://www.wikiwand.com/en/Detroit_techno
Electronic;https://www.wikiwand.com/en/Dub_techno
Electronic;https://www.wikiwand.com/en/Hardtechno
Electronic;https://www.wikiwand.com/en/Free_tekno
Electronic;https://www.wikiwand.com/en/Free_tekno_(music)
Electronic;https://www.wikiwand.com/en/Free_tekno_(music)
Electronic;https://www.wikiwand.com/en/Industrial_techno
Electronic;https://www.wikiwand.com/en/Minimal_techno
Electronic;https://www.wikiwand.com/en/Schaffel
Electronic;https://www.wikiwand.com/en/Toytown_techno
Electronic;https://www.wikiwand.com/en/Tecno_brega
Electronic;https://www.wikiwand.com/en/Trance_music
Electronic;https://www.wikiwand.com/en/Acid_trance
Electronic;https://www.wikiwand.com/en/Balearic_trance
Electronic;https://www.wikiwand.com/en/Dream_trance
Electronic;https://www.wikiwand.com/en/Eurotrance
Electronic;https://www.wikiwand.com/en/Eurodance
Electronic;https://www.wikiwand.com/en/Goa_trance
Electronic;https://www.wikiwand.com/en/Nitzhonot
Electronic;https://www.wikiwand.com/en/Hard_trance
Electronic;https://www.wikiwand.com/en/Progressive_trance
Electronic;https://www.wikiwand.com/en/Psychedelic_trance
Electronic;https://www.wikiwand.com/en/Psychedelic_trance
Electronic;https://www.wikiwand.com/en/Psychedelic_trance
Electronic;https://www.wikiwand.com/en/Minimal_psytrance
Electronic;https://www.wikiwand.com/en/Psychedelic_trance
Electronic;https://www.wikiwand.com/en/Suomisaundi
Electronic;https://www.wikiwand.com/en/Psychedelic_trance
Electronic;https://www.wikiwand.com/en/Tech_trance
Electronic;https://www.wikiwand.com/en/Uplifting_trance
Electronic;https://www.wikiwand.com/en/Vocal_trance
Electronic;https://www.wikiwand.com/en/UK_garage
Electronic;https://www.wikiwand.com/en/2-step_garage
Electronic;https://www.wikiwand.com/en/Bassline_(music_genre)
Electronic;https://www.wikiwand.com/en/Breakstep
Electronic;https://www.wikiwand.com/en/Dubstep
Electronic;https://www.wikiwand.com/en/Brostep
Electronic;https://www.wikiwand.com/en/Post-dubstep
Electronic;https://www.wikiwand.com/en/Reggaestep
Electronic;https://www.wikiwand.com/en/Riddim_(EDM)
Electronic;https://www.wikiwand.com/en/Future_garage
Electronic;https://www.wikiwand.com/en/Grime_music
Electronic;https://www.wikiwand.com/en/Grindie
Electronic;https://www.wikiwand.com/en/Speed_garage
Electronic;https://www.wikiwand.com/en/UK_funky
Electronic;https://www.wikiwand.com/en/Funkstep
Electronic;https://www.wikiwand.com/en/Wonky_(music)
Electronic;https://www.wikiwand.com/en/Video_game_music
Electronic;https://www.wikiwand.com/en/Chiptune
Electronic;https://www.wikiwand.com/en/Bitpop
Electronic;https://www.wikiwand.com/en/Nintendocore
Electronic;https://www.wikiwand.com/en/Skweee
Electronic;https://www.wikiwand.com/en/Video_game_music
Electronic;https://www.wikiwand.com/en/Video_game_music
Electronic;https://www.wikiwand.com/en/Electronic_music
Contemporary folk;https://www.wikiwand.com/en/American_folk_revival
Contemporary folk;https://www.wikiwand.com/en/Americana_(music)
Contemporary folk;https://www.wikiwand.com/en/Anti-folk
Contemporary folk;https://www.wikiwand.com/en/British_folk_revival
Contemporary folk;https://www.wikiwand.com/en/Celtic_music
Contemporary folk;https://www.wikiwand.com/en/Chalga
Contemporary folk;https://www.wikiwand.com/en/Corrido
Contemporary folk;https://www.wikiwand.com/en/Filk_music
Contemporary folk;https://www.wikiwand.com/en/Folk_rock
Contemporary folk;https://www.wikiwand.com/en/Celtic_rock
Contemporary folk;https://www.wikiwand.com/en/Freak_folk
Contemporary folk;https://www.wikiwand.com/en/Indie_folk
Contemporary folk;https://www.wikiwand.com/en/Industrial_folk_music
Contemporary folk;https://www.wikiwand.com/en/Mariachi
Contemporary folk;https://www.wikiwand.com/en/Ranchera
Contemporary folk;https://www.wikiwand.com/en/Neofolk
Contemporary folk;https://www.wikiwand.com/en/Progressive_folk_music
Contemporary folk;https://www.wikiwand.com/en/Protest_song
Contemporary folk;https://www.wikiwand.com/en/Psychedelic_folk
Contemporary folk;https://www.wikiwand.com/en/Singer-songwriter
Contemporary folk;https://www.wikiwand.com/en/Nueva_canci%C3%B3n
Contemporary folk;https://www.wikiwand.com/en/Skiffle
Contemporary folk;https://www.wikiwand.com/en/Sung_poetry
Contemporary folk;https://www.wikiwand.com/en/Contemporary_folk
Contemporary folk;https://www.wikiwand.com/en/Folk_music
Hip hop;https://www.wikiwand.com/en/Hip_hop_music
Hip hop;https://www.wikiwand.com/en/Alternative_hip_hop
Hip hop;https://www.wikiwand.com/en/Hipster_hop
Hip hop;https://www.wikiwand.com/en/Boom_bap
Hip hop;https://www.wikiwand.com/en/Bounce_music
Hip hop;https://www.wikiwand.com/en/British_hip_hop
Hip hop;https://www.wikiwand.com/en/Road_rap
Hip hop;https://www.wikiwand.com/en/Chopped_and_screwed
Hip hop;https://www.wikiwand.com/en/Chopper_(rap)
Hip hop;https://www.wikiwand.com/en/Cloud_rap
Hip hop;https://www.wikiwand.com/en/Comedy_hip_hop
Hip hop;https://www.wikiwand.com/en/Crunk
Hip hop;https://www.wikiwand.com/en/Crunkcore
Hip hop;https://www.wikiwand.com/en/Country_rap
Hip hop;https://www.wikiwand.com/en/East_Coast_hip_hop
Hip hop;https://www.wikiwand.com/en/Emo_rap
Hip hop;https://www.wikiwand.com/en/Freestyle_rap
Hip hop;https://www.wikiwand.com/en/G-funk
Hip hop;https://www.wikiwand.com/en/Hardcore_hip_hop
Hip hop;https://www.wikiwand.com/en/Dirty_rap
Hip hop;https://www.wikiwand.com/en/Gangsta_rap
Hip hop;https://www.wikiwand.com/en/Mafioso_rap
Hip hop;https://www.wikiwand.com/en/Horrorcore
Hip hop;https://www.wikiwand.com/en/Memphis_rap
Hip hop;https://www.wikiwand.com/en/Hip_hop_soul
Hip hop;https://www.wikiwand.com/en/Hyphy
Hip hop;https://www.wikiwand.com/en/Jerkin%27
Hip hop;https://www.wikiwand.com/en/Industrial_hip_hop
Hip hop;https://www.wikiwand.com/en/Instrumental_hip_hop
Hip hop;https://www.wikiwand.com/en/Jazz_rap
Hip hop;https://www.wikiwand.com/en/Latin_hip_hop
Hip hop;https://www.wikiwand.com/en/Chicano_rap
Hip hop;https://www.wikiwand.com/en/Lofi_hip_hop
Hip hop;https://www.wikiwand.com/en/Miami_bass
Hip hop;https://www.wikiwand.com/en/Mumble_rap
Hip hop;https://www.wikiwand.com/en/Nerdcore
Hip hop;https://www.wikiwand.com/en/Chap_hop
Hip hop;https://www.wikiwand.com/en/New_jack_swing
Hip hop;https://www.wikiwand.com/en/Political_hip_hop
Hip hop;https://www.wikiwand.com/en/Conscious_hip_hop
Hip hop;https://www.wikiwand.com/en/Pop_rap
Hip hop;https://www.wikiwand.com/en/Progressive_rap
Hip hop;https://www.wikiwand.com/en/Punk_rap
Hip hop;https://www.wikiwand.com/en/Ragga_hip_hop
Hip hop;https://www.wikiwand.com/en/Rap_opera
Hip hop;https://www.wikiwand.com/en/Rap_rock
Hip hop;https://www.wikiwand.com/en/Rap_metal
Hip hop;https://www.wikiwand.com/en/Trap_metal
Hip hop;https://www.wikiwand.com/en/Rapcore
Hip hop;https://www.wikiwand.com/en/American_folk_revival
Hip hop;https://www.wikiwand.com/en/Americana_(music)
Hip hop;https://www.wikiwand.com/en/Anti-folk
Hip hop;https://www.wikiwand.com/en/British_folk_revival
Hip hop;https://www.wikiwand.com/en/Celtic_music
Hip hop;https://www.wikiwand.com/en/Chalga
Hip hop;https://www.wikiwand.com/en/Corrido
Hip hop;https://www.wikiwand.com/en/Filk_music
Hip hop;https://www.wikiwand.com/en/Folk_rock
Hip hop;https://www.wikiwand.com/en/Celtic_rock
Hip hop;https://www.wikiwand.com/en/Freak_folk
Hip hop;https://www.wikiwand.com/en/Indie_folk
Hip hop;https://www.wikiwand.com/en/Industrial_folk_music
Hip hop;https://www.wikiwand.com/en/Mariachi
Hip hop;https://www.wikiwand.com/en/Reductionism_(music)
Jazz;https://www.wikiwand.com/en/Acid_jazz
Jazz;https://www.wikiwand.com/en/Afro-Cuban_jazz
Jazz;https://www.wikiwand.com/en/Alt-jazz
Jazz;https://www.wikiwand.com/en/Avant-garde_jazz
Jazz;https://www.wikiwand.com/en/Bebop
Jazz;https://www.wikiwand.com/en/Boogie-woogie
Jazz;https://www.wikiwand.com/en/Bossa_nova
Jazz;https://www.wikiwand.com/en/Brazilian_Jazz
Jazz;https://www.wikiwand.com/en/British_dance_band
Jazz;https://www.wikiwand.com/en/Cape_jazz
Jazz;https://www.wikiwand.com/en/Chamber_jazz
Jazz;https://www.wikiwand.com/en/Continental_jazz
Jazz;https://www.wikiwand.com/en/Cool_jazz
Jazz;https://www.wikiwand.com/en/Crossover_jazz
Jazz;https://www.wikiwand.com/en/Dixieland
Jazz;https://www.wikiwand.com/en/Ethno_jazz
Jazz;https://www.wikiwand.com/en/European_free_jazz
Jazz;https://www.wikiwand.com/en/Free_funk
Jazz;https://www.wikiwand.com/en/Free_improvisation
Jazz;https://www.wikiwand.com/en/Free_jazz
Jazz;https://www.wikiwand.com/en/Gypsy_jazz
Jazz;https://www.wikiwand.com/en/Hard_bop
Jazz;https://www.wikiwand.com/en/Jazz_blues
Jazz;https://www.wikiwand.com/en/Jazz-funk
Jazz;https://www.wikiwand.com/en/Jazz_fusion
Jazz;https://www.wikiwand.com/en/Jazz_rap
Jazz;https://www.wikiwand.com/en/Jazz_rock
Jazz;https://www.wikiwand.com/en/Kansas_City_jazz
Jazz;https://www.wikiwand.com/en/Latin_jazz
Jazz;https://www.wikiwand.com/en/Livetronica
Jazz;https://www.wikiwand.com/en/M-Base
Jazz;https://www.wikiwand.com/en/Mainstream_jazz
Jazz;https://www.wikiwand.com/en/Modal_jazz
Jazz;https://www.wikiwand.com/en/Neo-bop_jazz
Jazz;https://www.wikiwand.com/en/Neo-swing
Jazz;https://www.wikiwand.com/en/Novelty_ragtime
Jazz;https://www.wikiwand.com/en/Nu_jazz
Jazz;https://www.wikiwand.com/en/Orchestral_jazz
Jazz;https://www.wikiwand.com/en/Post-bop
Jazz;https://www.wikiwand.com/en/Progressive_jazz
Jazz;https://www.wikiwand.com/en/Punk_jazz
Jazz;https://www.wikiwand.com/en/Ragtime
Jazz;https://www.wikiwand.com/en/Samba-jazz
Jazz;https://www.wikiwand.com/en/Shibuya-kei
Jazz;https://www.wikiwand.com/en/Ska_jazz
Jazz;https://www.wikiwand.com/en/Smooth_jazz
Jazz;https://www.wikiwand.com/en/Soul_jazz
Jazz;https://www.wikiwand.com/en/Straight-ahead_jazz
Jazz;https://www.wikiwand.com/en/Stride_jazz
Jazz;https://www.wikiwand.com/en/Swing_music
Jazz;https://www.wikiwand.com/en/Trad_jazz
Jazz;https://www.wikiwand.com/en/Third_stream
Jazz;https://www.wikiwand.com/en/Vocal_jazz
Jazz;https://www.wikiwand.com/en/West_Coast_jazz
Jazz;https://www.wikiwand.com/en/Jazz
Pop;https://www.wikiwand.com/en/Adult_album_alternative
Pop;https://www.wikiwand.com/en/Adult_contemporary
Pop;https://www.wikiwand.com/en/Ambient_pop
Pop;https://www.wikiwand.com/en/Arabic_pop_music
Pop;https://www.wikiwand.com/en/Iranian_pop
Pop;https://www.wikiwand.com/en/Art_pop
Pop;https://www.wikiwand.com/en/Baroque_pop
Pop;https://www.wikiwand.com/en/Bedroom_pop
Pop;https://www.wikiwand.com/en/Brill_Building_(genre)
Pop;https://www.wikiwand.com/en/Britpop
Pop;https://www.wikiwand.com/en/Bubblegum_pop
Pop;https://www.wikiwand.com/en/C-pop
Pop;https://www.wikiwand.com/en/Cantopop
Pop;https://www.wikiwand.com/en/Hokkien_pop
Pop;https://www.wikiwand.com/en/Mandopop
Pop;https://www.wikiwand.com/en/Canci%C3%B3n
Pop;https://www.wikiwand.com/en/Canzone
Pop;https://www.wikiwand.com/en/Chalga
Pop;https://www.wikiwand.com/en/Chamber_pop
Pop;https://www.wikiwand.com/en/Chanson
Pop;https://www.wikiwand.com/en/Christian_pop
Pop;https://www.wikiwand.com/en/Classic_hits
Pop;https://www.wikiwand.com/en/Classical_crossover
Pop;https://www.wikiwand.com/en/Country_pop
Pop;https://www.wikiwand.com/en/Cringe_pop
Pop;https://www.wikiwand.com/en/Dance-pop
Pop;https://www.wikiwand.com/en/Disco_polo
Pop;https://www.wikiwand.com/en/Electropop
Pop;https://www.wikiwand.com/en/Europop
Pop;https://www.wikiwand.com/en/Austropop
Pop;https://www.wikiwand.com/en/Eurobeat
Pop;https://www.wikiwand.com/en/French_pop_music
Pop;https://www.wikiwand.com/en/Italo_dance
Pop;https://www.wikiwand.com/en/Italo_disco
Pop;https://www.wikiwand.com/en/La%C3%AFk%C3%B3
Pop;https://www.wikiwand.com/en/Nederpop
Pop;https://www.wikiwand.com/en/Neomelodic_music
Pop;https://www.wikiwand.com/en/Russian_pop
Pop;https://www.wikiwand.com/en/Fado
Pop;https://www.wikiwand.com/en/Folk_pop
Pop;https://www.wikiwand.com/en/Hyperpop
Pop;https://www.wikiwand.com/en/Indie_pop
Pop;https://www.wikiwand.com/en/Twee_pop
Pop;https://www.wikiwand.com/en/Indian_pop
Pop;https://www.wikiwand.com/en/J-pop
Pop;https://www.wikiwand.com/en/City_pop
Pop;https://www.wikiwand.com/en/Shibuya-kei
Pop;https://www.wikiwand.com/en/Jangle_pop
Pop;https://www.wikiwand.com/en/Jazz_pop
Pop;https://www.wikiwand.com/en/K-pop
Pop;https://www.wikiwand.com/en/Korean_hip_hop
Pop;https://www.wikiwand.com/en/Korean_rock
Pop;https://www.wikiwand.com/en/T%27ong_guitar
Pop;https://www.wikiwand.com/en/Trot_(music)
Pop;https://www.wikiwand.com/en/Latin_ballad
Pop;https://www.wikiwand.com/en/Latin_pop
Pop;https://www.wikiwand.com/en/Mexican_pop_music
Pop;https://www.wikiwand.com/en/New_Romantic
Pop;https://www.wikiwand.com/en/Oldies
Pop;https://www.wikiwand.com/en/Operatic_pop
Pop;https://www.wikiwand.com/en/Original_Pilipino_Music
Pop;https://www.wikiwand.com/en/Pinoy_pop
Pop;https://www.wikiwand.com/en/Pop_rap
Pop;https://www.wikiwand.com/en/Pop_rock
Pop;https://www.wikiwand.com/en/Pop_punk
Pop;https://www.wikiwand.com/en/Emo_pop
Pop;https://www.wikiwand.com/en/Neon_pop
Pop;https://www.wikiwand.com/en/Power_pop
Pop;https://www.wikiwand.com/en/Soft_rock
Pop;https://www.wikiwand.com/en/Surf_pop
Pop;https://www.wikiwand.com/en/Yacht_rock
Pop;https://www.wikiwand.com/en/Pop_soul
Pop;https://www.wikiwand.com/en/Progressive_pop
Pop;https://www.wikiwand.com/en/Psychedelic_pop
Pop;https://www.wikiwand.com/en/Rebetiko
Pop;https://www.wikiwand.com/en/Schlager_music
Pop;https://www.wikiwand.com/en/Sophisti-pop
Pop;https://www.wikiwand.com/en/Space_age_pop
Pop;https://www.wikiwand.com/en/Sunshine_pop
Pop;https://www.wikiwand.com/en/Swamp_pop
Pop;https://www.wikiwand.com/en/Synthpop
Pop;https://www.wikiwand.com/en/Teen_pop
Pop;https://www.wikiwand.com/en/Traditional_pop_music
Pop;https://www.wikiwand.com/en/Turbo-folk
Pop;https://www.wikiwand.com/en/Turkish_pop_music
Pop;https://www.wikiwand.com/en/Vispop
Pop;https://www.wikiwand.com/en/Wonky_pop
Pop;https://www.wikiwand.com/en/Worldbeat
Pop;https://www.wikiwand.com/en/Y%C3%A9-y%C3%A9
Pop;https://www.wikiwand.com/en/Pop_music
R&B and soul;https://www.wikiwand.com/en/Alternative_R%26B
R&B and soul;https://www.wikiwand.com/en/Contemporary_R%26B
R&B and soul;https://www.wikiwand.com/en/Disco
R&B and soul;https://www.wikiwand.com/en/Freestyle_music
R&B and soul;https://www.wikiwand.com/en/Go-go
R&B and soul;https://www.wikiwand.com/en/Funk
R&B and soul;https://www.wikiwand.com/en/Deep_funk
R&B and soul;https://www.wikiwand.com/en/Minneapolis_Sound
R&B and soul;https://www.wikiwand.com/en/Psychedelic_funk
R&B and soul;https://www.wikiwand.com/en/Gospel_music
R&B and soul;https://www.wikiwand.com/en/New_jack_swing
R&B and soul;https://www.wikiwand.com/en/Post-disco
R&B and soul;https://www.wikiwand.com/en/Boogie_(genre)
R&B and soul;https://www.wikiwand.com/en/Rhythm_and_blues
R&B and soul;https://www.wikiwand.com/en/Doo-wop
R&B and soul;https://www.wikiwand.com/en/Soul_music
R&B and soul;https://www.wikiwand.com/en/Blue-eyed_soul
R&B and soul;https://www.wikiwand.com/en/Hip_hop_soul
R&B and soul;https://www.wikiwand.com/en/Neo_soul
R&B and soul;https://www.wikiwand.com/en/Northern_soul
R&B and soul;https://www.wikiwand.com/en/Psychedelic_soul
R&B and soul;https://www.wikiwand.com/en/Southern_soul
R&B and soul;https://www.wikiwand.com/en/Soul_music
R&B and soul;https://www.wikiwand.com/en/Rhythm_and_blues
Rock;https://www.wikiwand.com/en/Afro_rock
Rock;https://www.wikiwand.com/en/Alternative_rock
Rock;https://www.wikiwand.com/en/Alternative_dance
Rock;https://www.wikiwand.com/en/Britpop
Rock;https://www.wikiwand.com/en/Post-Britpop
Rock;https://www.wikiwand.com/en/Dream_pop
Rock;https://www.wikiwand.com/en/Goth_Rock
Rock;https://www.wikiwand.com/en/Shoegaze
Rock;https://www.wikiwand.com/en/Blackgaze
Rock;https://www.wikiwand.com/en/Grunge
Rock;https://www.wikiwand.com/en/Post-grunge
Rock;https://www.wikiwand.com/en/Indie_rock
Rock;https://www.wikiwand.com/en/Dunedin_sound
Rock;https://www.wikiwand.com/en/Math_rock
Rock;https://www.wikiwand.com/en/Post-punk_revival
Rock;https://www.wikiwand.com/en/Madchester
Rock;https://www.wikiwand.com/en/Baggy
Rock;https://www.wikiwand.com/en/Noise_pop
Rock;https://www.wikiwand.com/en/Sadcore
Rock;https://www.wikiwand.com/en/Slowcore
Rock;https://www.wikiwand.com/en/Beat_music
Rock;https://www.wikiwand.com/en/British_Invasion
Rock;https://www.wikiwand.com/en/Freakbeat
Rock;https://www.wikiwand.com/en/Nederbeat
Rock;https://www.wikiwand.com/en/Blues_rock
Rock;https://www.wikiwand.com/en/Boogie_rock
Rock;https://www.wikiwand.com/en/British_rhythm_and_blues
Rock;https://www.wikiwand.com/en/Chamber_pop
Rock;https://www.wikiwand.com/en/Christian_rock
Rock;https://www.wikiwand.com/en/Classic_rock
Rock;https://www.wikiwand.com/en/Comedy_rock
Rock;https://www.wikiwand.com/en/Country_rock
Rock;https://www.wikiwand.com/en/Dark_cabaret
Rock;https://www.wikiwand.com/en/Electronic_rock
Rock;https://www.wikiwand.com/en/Electronicore
Rock;https://www.wikiwand.com/en/New_wave_music
Rock;https://www.wikiwand.com/en/Cold_wave_(music)
Rock;https://www.wikiwand.com/en/Dark_wave
Rock;https://www.wikiwand.com/en/Ethereal_wave
Rock;https://www.wikiwand.com/en/Experimental_rock
Rock;https://www.wikiwand.com/en/Art_rock
Rock;https://www.wikiwand.com/en/Industrial_rock
Rock;https://www.wikiwand.com/en/Post-punk
Rock;https://www.wikiwand.com/en/Dance-punk
Rock;https://www.wikiwand.com/en/Gothic_rock
Rock;https://www.wikiwand.com/en/No_wave
Rock;https://www.wikiwand.com/en/Noise_rock
Rock;https://www.wikiwand.com/en/Post-rock
Rock;https://www.wikiwand.com/en/Post-metal
Rock;https://www.wikiwand.com/en/Folk_rock
Rock;https://www.wikiwand.com/en/British_folk_rock
Rock;https://www.wikiwand.com/en/Celtic_rock
Rock;https://www.wikiwand.com/en/Medieval_folk_rock
Rock;https://www.wikiwand.com/en/Funk_rock
Rock;https://www.wikiwand.com/en/Garage_rock
Rock;https://www.wikiwand.com/en/Glam_rock
Rock;https://www.wikiwand.com/en/Hard_rock
Rock;https://www.wikiwand.com/en/Heartland_rock
Rock;https://www.wikiwand.com/en/Instrumental_rock
Rock;https://www.wikiwand.com/en/Jazz_fusion
Rock;https://www.wikiwand.com/en/Jazz_rock
Rock;https://www.wikiwand.com/en/Latin_rock
Rock;https://www.wikiwand.com/en/Mangue_bit
Rock;https://www.wikiwand.com/en/Metal_music
Rock;https://www.wikiwand.com/en/Paisley_Underground
Rock;https://www.wikiwand.com/en/Palm_Desert_Scene
Rock;https://www.wikiwand.com/en/Pop_rock
Rock;https://www.wikiwand.com/en/Jangle_pop
Rock;https://www.wikiwand.com/en/Power_pop
Rock;https://www.wikiwand.com/en/Soft_rock
Rock;https://www.wikiwand.com/en/Yacht_rock
Rock;https://www.wikiwand.com/en/Progressive_rock
Rock;https://www.wikiwand.com/en/Art_rock
Rock;https://www.wikiwand.com/en/Avant-prog
Rock;https://www.wikiwand.com/en/Rock_in_Opposition
Rock;https://www.wikiwand.com/en/Canterbury_scene
Rock;https://www.wikiwand.com/en/Flamenco_rock
Rock;https://www.wikiwand.com/en/Krautrock
Rock;https://www.wikiwand.com/en/Neo-progressive_rock
Rock;https://www.wikiwand.com/en/New_prog
Rock;https://www.wikiwand.com/en/Post-Progressive
Rock;https://www.wikiwand.com/en/Space_rock
Rock;https://www.wikiwand.com/en/Symphonic_Rock
Rock;https://www.wikiwand.com/en/Psychedelic_rock
Rock;https://www.wikiwand.com/en/Acid_rock
Rock;https://www.wikiwand.com/en/Neo-psychedelia
Rock;https://www.wikiwand.com/en/Raga_rock
Rock;https://www.wikiwand.com/en/Pub_rock_(Australia)
Rock;https://www.wikiwand.com/en/Pub_rock_(United_Kingdom)
Rock;https://www.wikiwand.com/en/Punk_rock
Rock;https://www.wikiwand.com/en/Rap_rock
Rock;https://www.wikiwand.com/en/Rapcore
Rock;https://www.wikiwand.com/en/Reggae_rock
Rock;https://www.wikiwand.com/en/Rock_and_roll
Rock;https://www.wikiwand.com/en/Rockabilly
Rock;https://www.wikiwand.com/en/Rock_opera
Rock;https://www.wikiwand.com/en/Roots_rock
Rock;https://www.wikiwand.com/en/Southern_rock
Rock;https://www.wikiwand.com/en/Stoner_rock
Rock;https://www.wikiwand.com/en/Swamp_rock
Rock;https://www.wikiwand.com/en/Sufi_rock
Rock;https://www.wikiwand.com/en/Surf_rock
Rock;https://www.wikiwand.com/en/Tropical_rock
Rock;https://www.wikiwand.com/en/Visual_kei
Rock;https://www.wikiwand.com/en/Nagoya_kei
Rock;https://www.wikiwand.com/en/Wizard_rock
Rock;https://www.wikiwand.com/en/Worldbeat
Rock;https://www.wikiwand.com/en/World_fusion
Rock;https://www.wikiwand.com/en/Rock_music
Metal;https://www.wikiwand.com/en/Alternative_metal
Metal;https://www.wikiwand.com/en/Funk_metal
Metal;https://www.wikiwand.com/en/Nu_metal
Metal;https://www.wikiwand.com/en/Rap_metal
Metal;https://www.wikiwand.com/en/Avant-garde_metal
Metal;https://www.wikiwand.com/en/Black_metal
Metal;https://www.wikiwand.com/en/Blackened_death_metal
Metal;https://www.wikiwand.com/en/Atmospheric_black_metal
Metal;https://www.wikiwand.com/en/Blackgaze
Metal;https://www.wikiwand.com/en/Melodic_black_metal
Metal;https://www.wikiwand.com/en/National_Socialist_black_metal
Metal;https://www.wikiwand.com/en/Symphonic_black_metal
Metal;https://www.wikiwand.com/en/Viking_metal
Metal;https://www.wikiwand.com/en/War_metal
Metal;https://www.wikiwand.com/en/Christian_metal
Metal;https://www.wikiwand.com/en/Unblack_metal
Metal;https://www.wikiwand.com/en/Death_metal
Metal;https://www.wikiwand.com/en/Death_%27n%27_roll
Metal;https://www.wikiwand.com/en/Deathgrind
Metal;https://www.wikiwand.com/en/Melodic_death_metal
Metal;https://www.wikiwand.com/en/Technical_death_metal
Metal;https://www.wikiwand.com/en/Doom_metal
Metal;https://www.wikiwand.com/en/Death-doom
Metal;https://www.wikiwand.com/en/Drone_metal
Metal;https://www.wikiwand.com/en/Folk_metal
Metal;https://www.wikiwand.com/en/Celtic_metal
Metal;https://www.wikiwand.com/en/Medieval_metal
Metal;https://www.wikiwand.com/en/Pagan_metal
Metal;https://www.wikiwand.com/en/Glam_metal
Metal;https://www.wikiwand.com/en/Gothic_metal
Metal;https://www.wikiwand.com/en/Heavy_metal_music
Metal;https://www.wikiwand.com/en/Industrial_metal
Metal;https://www.wikiwand.com/en/Kawaii_metal
Metal;https://www.wikiwand.com/en/Latin_metal
Metal;https://www.wikiwand.com/en/Metalcore
Metal;https://www.wikiwand.com/en/Deathcore
Metal;https://www.wikiwand.com/en/Mathcore
Metal;https://www.wikiwand.com/en/Melodic_metalcore
Metal;https://www.wikiwand.com/en/Metalstep
Metal;https://www.wikiwand.com/en/Neoclassical_metal
Metal;https://www.wikiwand.com/en/Neue_Deutsche_H%C3%A4rte
Metal;https://www.wikiwand.com/en/Nintendocore
Metal;https://www.wikiwand.com/en/Pirate_metal
Metal;https://www.wikiwand.com/en/Post-metal
Metal;https://www.wikiwand.com/en/Power_metal
Metal;https://www.wikiwand.com/en/Progressive_metal
Metal;https://www.wikiwand.com/en/Djent
Metal;https://www.wikiwand.com/en/Sludge_metal
Metal;https://www.wikiwand.com/en/Speed_metal
Metal;https://www.wikiwand.com/en/Symphonic_metal
Metal;https://www.wikiwand.com/en/Thrash_metal
Metal;https://www.wikiwand.com/en/Crossover_thrash
Metal;https://www.wikiwand.com/en/Groove_metal
Metal;https://www.wikiwand.com/en/Metal_music
Punk;https://www.wikiwand.com/en/Anarcho_punk
Punk;https://www.wikiwand.com/en/Crust_punk
Punk;https://www.wikiwand.com/en/D-beat
Punk;https://www.wikiwand.com/en/Art_punk
Punk;https://www.wikiwand.com/en/Christian_punk
Punk;https://www.wikiwand.com/en/Deathrock
Punk;https://www.wikiwand.com/en/Digital_hardcore
Punk;https://www.wikiwand.com/en/Folk_punk
Punk;https://www.wikiwand.com/en/Celtic_punk
Punk;https://www.wikiwand.com/en/Cowpunk
Punk;https://www.wikiwand.com/en/Gypsy_punk
Punk;https://www.wikiwand.com/en/Garage_punk_(fusion_genre)
Punk;https://www.wikiwand.com/en/Grindcore
Punk;https://www.wikiwand.com/en/Crustgrind
Punk;https://www.wikiwand.com/en/Goregrind
Punk;https://www.wikiwand.com/en/Noisegrind
Punk;https://www.wikiwand.com/en/Pornogrind
Punk;https://www.wikiwand.com/en/Hardcore_punk
Punk;https://www.wikiwand.com/en/Crossover_thrash
Punk;https://www.wikiwand.com/en/Melodic_hardcore
Punk;https://www.wikiwand.com/en/Post-hardcore
Punk;https://www.wikiwand.com/en/Emo
Punk;https://www.wikiwand.com/en/Emo_pop
Punk;https://www.wikiwand.com/en/Screamo
Punk;https://www.wikiwand.com/en/Powerviolence
Punk;https://www.wikiwand.com/en/Street_punk
Punk;https://www.wikiwand.com/en/Thrashcore
Punk;https://www.wikiwand.com/en/Horror_punk
Punk;https://www.wikiwand.com/en/Nazi_punk
Punk;https://www.wikiwand.com/en/Oi!
Punk;https://www.wikiwand.com/en/Pop_punk
Punk;https://www.wikiwand.com/en/Easycore
Punk;https://www.wikiwand.com/en/Neon_pop
Punk;https://www.wikiwand.com/en/Psychobilly
Punk;https://www.wikiwand.com/en/Punk_pathetique
Punk;https://www.wikiwand.com/en/Riot_grrrl
Punk;https://www.wikiwand.com/en/Ska_punk
Punk;https://www.wikiwand.com/en/Skate_punk
Punk;https://www.wikiwand.com/en/Punk_rock